,"아이템 가이드라인

확률
등급별 확률 적용
확률 내에서 진척도와 관계 없는 가중치 적용

등급별 구분
- 일반 : 일반적인 효과를 갖는 아이템들(능력치 상승, 회복량 상승, 
- 고급 : 매우 큰 효과를 갖는 아이템들, 주로 수동 발동, 특수 효과
(롤체 유물 같은 느낌)

아이템과 공작의 구분
- 아이템의 경우 구체적인 물건을 지시
- 공작의 경우 행동이나 문장형 제목",,,,,"*수정 사항*

교회 -> 교단
교황 -> 교주
이탈리아 포도 -> 포도",,
ID,등급,분류,이름,설명,사용 조건,유효 기간,효과,비고
0,일반,자동,성수,태양의 힘이 깃들어 소독 효과가 있으며 마시면 화한 느낌과 함께 기분이 다소 좋아진다. 어?,다음 이벤트 발생 시,-,"이벤트 발생 시 선택지의 조건에 상관 없이 선택 가능
해당 선택지는 항상 성공 판정되며 부정적인 효과를 무시","부정적인 효과 = 체력 감소, 이동속도 감소, 스턴"
1,일반,"패시브, 수동",아령,기도만 하고 사는 내가 들기엔 꽤 무거운 아령이다. 꾸준히 운동하면 몸이 가벼워진다!,-,사용 전,"<소지 시> 이동 속도 30% 감소, 사용 시간 3초마다 1%씩 증가
<사용 시> 체력 40 회복",
2,고급,"패시브, 수동",나무 지팡이,걷기가 편해진다. 마음에 안 드는 사람을 위협할 수도 있다! ,-,사용 전,"<소지 시> 이동 속도 40% 증가
<사용 시> 체력이 낮은 후보의 체력 40 감소",
3,일반,자동,은으로 만든 성배,이 잔에 미사를 할 때마다 태양주를 한 잔씩 마실 수 있다. 그것이 미사니까! (끄덕),획득 시,해당 콘클라베,"기도 시 체력 회복량 5 감소, 연설 시 정치력 회복량 5 증가",
4,일반,자동,금으로 만든 성배,이 잔으로 미사를 드리자 추기경들의 눈길이 쏠린다. 럭셔리하니까!,획득 시,해당 콘클라베,연설 시 정치력 회복량 10 증가,
5,일반,수동,태양주,고향집 뒷산 포도밭에서 따온 포도를 대충 증류해서 만든 달달한 술,-,해당 콘클라베,이번 콘클라베 동안 기도 시 체력 회복량 두 배,
6,고급,수동,최고급 태양주,최고급 포도를 발효한 후 수도원 지하에서 다섯 번 증류한 화끈한 술.,-,해당 날짜,오늘 기도 시 체력 회복량 두 배,<- 등급 잘못 들어가 있었음.
7,고급,자동,태양의 은총,은으로 만든 총이다. 발사 기능은 없지만 뇌물로서의 가치는 뛰어나다.,획득 시,해당 날짜,"오늘 공작 시 정치력 20 증가, 내일 0으로 초기화",
8,일반,패시브,태양 팔찌,태양의 힘이 확실히 느껴지는 경건한 팔찌다!,-,영구,기도 시 경건함 회복량 5 증가,
9,고급,"패시브, 자동",게르마늄 태양 팔찌,"태양의 에너지 덕분인지 게르마늄의 원적외선 덕분인지, 몸이 홀가분해졌다!",-,사용 전,"<소지 시> 기도 시 경건함 회복량 5 증가
<체력 0일 시> 기절 1회 방어 및 30으로 회복",
10,일반,자동,교단 주보,교단의 동황을 파악해 교주 자리를 한 발 빠르게 피한다,획득 시,해당 날짜,"연설 시 정치력 회복량 최소로 고정, 대신 경건함을 5씩 회복",
11,고급,수동,교단 비밀 문서,이걸 폭로해서 모두의 눈길을 돌리면 자연스럽게 교주 자리를 피할 수 있다! ,-,해당 콘클라베,연설 시 정치력 대신 체력과 경건함을 10씩 회복,
12,특수,자동,연막탄,"굴뚝에 몰래 넣어서 연기 색깔을 바꾼다!
무슨 색인지는 모르겠지만 검정이면 좋겠다...",교주 선출 시,-,교황 선출 시 (100 - 경건함)%의 확률로 교주 선출 방어,실패 시 특수 엔딩
13,고급,패시브,황금 경판,비밀의 고대 문자로 된 비밀 메세지를 담고 있는 아주 비밀스러운 황금 판이다. 그 내용은 비밀이다.,-,영구,아이템 창 한 칸을 차지하고 있음. 빛이 남,"사실 아무 효과 없음
아이템 슬롯만 한 칸 줄이는 꽝아이템임
아트팀에 얘기해서 뒤에 후광 만들기?"
14,일반,수동,주사위,신비한 주사위다. 굴리다 보면 새로운 아이디어가 떠오른다!,-,-,공작 선택지 새로 고침,아트팀에 이미지 만들어달라 하기...