,,,,,,"교황 -> 교주
신 -> 태양
상호작용 -> 기도/연설
(이벤트 아님)",,,"*수정*
교황 -> 교주
교황청(장소), 대성당 -> 대신전
교황청(단체) -> 교단
상호작용 -> 기도/연설
신 -> 태양",,,,,,,,,,,,,,,,,,
아이디,번호,분류(편의상),가중치,선행,기피,발생 조건,발생 횟수,제목,설명,선택지 1,선택지 1 조건,성공 확률,결과 텍스트,효과,실패 시 결과 텍스트,효과,선택지 2,성공 확률,결과 텍스트,효과,실패 시 결과 텍스트,효과,비고,구현여부,수정내용,,
11100,1,튜토리얼,INF,,,게임 시작 시 바로,1,큰일났다!,"위대한 태양 교단의 교주를 뽑는 성스러운 회의, 썬ㅡ클라베.
평생 태양만을 찬양하며 보낸 나는, 어느 새 가장 유력한 교주 후보가 되어 있었다.
하지만 어림도 없지, 지금 당장 은퇴해도 평생 먹고 놀며 살 수 있는데?
어떻게든 내가 아닌 다른 유력 후보들을 교주로 만들어야 한다.
후보들이 다들 어딘가 이상한 것 같지만, 교단이 어떻게 되던 내가 무슨 상관이람?",그래도 교주에 도전한다!,,,"[HELL MODE]
게임 설명을 제대로 읽으셨나요?
이 선택에는 엄청난 책임이 따를 것입니다...

경건함 80 증가!
정치력 40 증가!
체력 감소량 2배!","경건함 +80
정치력 +40
체력 감소량 2배",,,"교주는 무슨, 나는 놀고먹는 노후를 원한다!",,"제한시간이 끝나면 투표를 진행합니다.
능력치가 가장 높은 후보는 확률적으로 교주가 될 수 있습니다.
능력치를 낮춰서, 교주 선출을 피하세요!

아무 일도 일어나지 않았다.",,,,,,,발생조건구현x,
11200,2,튜토리얼,INF,1,,1-1에서 무조건,1,기도,"하루에 네 번씩 회의를 하는 건 너무나도 피곤한 일이다.
감실 앞에서 기도를 하는 척하며 숨을 돌리면 체력이 회복되지 않을까?
괜히 사람들 시선이 끌리긴 하지만, 일단 힘이 들면 기도를 해 보자.",꾸준히 기도해서 체력을 채우자!,,,"기도를 하면 일정 확률로 체력과 경건함이 회복됩니다.
경건함은 공작을 사용할 때 소모되는 중요한 자원입니다.
너무 높다면 교주 선출 확률이 높아지니 조심하세요!",,,,,,,,,,,,,발생조건구현x,
11300,3,튜토리얼,INF,2,,1-1에서 무조건,1,연설,"아무것도 하지 않으면, 교단의 추기경들이 나를 뽑는 꼴을 지켜 보고만 있어야 한다.
공개 연설을 해서 정치적인 영향력을 키운 다음,
그 영향력으로 다른 후보에게 교주 자리를 떠넘기면 되지 않을까?
어둠의 공작을 할 때도 도움이 될 것 같다!",가끔 연설도 해 보자!,,,"연설을 하면 정치력이 증가합니다.
정치력이 높다면 더 강력한 공작으로 상대를 견제할 수 있습니다.
정치력이 높다면 교주 선출 확률이 상승합니다.
한 번 올린 정치력은 쉽게 낮아지지 않으니, 전략적으로 결정하세요!",,,,,,,,,,,,,발생조건구현x,
12100,4,공작,30,,,,2,태양의 눈,"(랜덤) 후보가 당신의 눈에 깃든 태양의 빛을 시험합니다.

태양의 눈을 지닌 자여, 신실함을 보여라.",내 안에 숨겨진 신성한 태양 에너지를 보여 준다.,경건함 30 이상,,"당신은 후드를 벗고, 그 속에 숨겨진 신성한 태양 에너지를 보여줍니다. 찬란한 태양의 빛을 반사한 매끈매끈한 당신의 이마를 보고, 주변 좌중이 모두 감탄을 금치 못합니다.",정치력 +5,,,신앙을 검증하기 위해 태양을 뚫어져라 쳐다본다.,50%,"태양의 찬란한 에너지가 대뇌의 전두엽을 꿰뚫는다. 당신의 경건한 모습을 바라본 다른 추기경들은 감탄한다.
눈은 아프지만 몸이 건강해지는 느낌이다.
기분 탓일까?

기분 탓이 맞다. 체력 10 감소!",체력 -10,"태양의 찬란한 에너지를 받아들이다 못해 그만 눈을 감고 말았다.
눈물이 난다.
태양 앞에서 눈물을 흘리는 당신의 모습을 본 다른 후보들은 감동을 금치 못한다.

체력 20 감소!","체력 -20
화면 일시적으로 하얗게",,,,화면효과 미구현,
12200,5,공작,30,,,,2,태양의 발,"(랜덤) 후보가 당신의 발에 깃든 태양의 불을 시험합니다.

태양의 발을 지닌 자여, 고결함을 새겨라.",태양의 호흡으로 발을 구른다.,경건함 40 이상,,"당신은 숨을 크게 들이쉬고, 태양의 기운을 담아 내쉰다.
그리고는 왼발을 들어올린다. 왼발이 땅에 닿기 전에 오른발을 들어올린다.
당신의 다리는 신성한 빛을 받아 떠오른다.
연회장의 모든 사람들이 그 모습에 넋을 잃고 바라본다.

경건함 10 증가!",경건함 +10,,,발에 불이 붙을 때까지 발바닥을 비벼 본다.,70%,"당신은 숨을 크게 들이쉬고, 
일단 죽어라고 발바닥을 비벼 본다.
...진짜로 발바닥에 불이 붙었다!
진짜 뜨겁다!

체력 10 감소!
이번 썬ㅡ클라베 동안 이동속도 30% 증가!
","체력 -10
이번 콘클라베 동안 이동 속도 30% 증가","당신은 숨을 크게 들이쉬고,
일단 죽어라고 발바닥을 비벼 본다.
...그만 발목을 접지르고 말았다!
진짜 아프다!

체력 10 감소!
이번 썬ㅡ클라베 동안 이동속도 20% 감소!","체력 -10
이번 콘클라베 동안 이동 속도 20% 감소",,,,이동속도 로직 미구현,
12300,6,공작,30,,,,2,태양의 입,"(랜덤) 후보가 당신의 입에 깃든 태양의 에너지를 시험합니다.

태양의 혀를 지닌 자여, 정당함을 말하라.",빨간 열매를 먹는다.,,50%,"열매를 먹자, 태양의 따스한 기운이 몸 구석구석을 채우는 것이 느껴진다!

체력 10 회복!",체력 +10,"열매를 먹자, 태양의 따스한 기운이...따스한 기운이...
당신은 열매의 매콤함에 정신이 아득해진다.
우유를 달라고 간절히 몸부림쳐 보지만,
연회장의 성직자들은 당신의 열렬한 율동에 감탄하며 구경할 뿐이다.

경건함 20 증가!
체력 20 감소!",경건함 +20,파란 열매를 먹는다.,50%,"열매를 먹자, 태양의 따스한 기운이 몸 구석구석을 채우는 것이 느껴진다!

체력 10 회복!",체력 +20,"열매를 먹자, 태양의 따스한 기운이...따스한 기운이...
당신은 열매의 매콤함에 정신이 아득해진다.
우유를 달라고 간절히 몸부림쳐 보지만,
연회장의 성직자들은 당신의 열렬한 율동에 감탄하며 구경할 뿐이다.

경건함 20 증가!
체력 20 감소!",경건함 +20,,,,,
20000,7,스토리,40 + 0.1P,,,,1,콜버스의 선원,"낡은 선원복을 입은 한 젊은이가 연회장 문을 거세게 두드리고 있다!
자신이 교단 수석 탐험가인 콜버스가 이끈 탐사대의 마지막 생존자라고 주장하는 그는,
갑자기 바다 한가운데에 거대한 폭포가 나타나 탐사선들이 모두 휩쓸려 버렸다고 말한다!
그가 가져온 기록은 진짜임에 틀림없으나, 내용이 너무나도 터무니없다!
이 사람을 믿고 조사를 맡겨봐야 할까?",선원을 믿고 조사를 강력하게 요청한다!,경건함 30 이상,,본 사건을 왕립학회와 교단 과학위원회에 회부하였다!,,,,무시한다.,,아무 일도 일어나지 않았다.,,,,트럼프 일반 엔딩과 성전 엔딩을 보기 위한 기초적인 루트.,,,,
21000,8,스토리,20 + 0.1P,7,,,1,과학적 발견,"교단 과학회에서 기존의 과학 이론에 의문을 제기했다!
여러 가지 위도에서 태양의 그림자를 관찰한 결과, 땅에는 곡률이 전혀 없다는 사실을 밝혀 내었다.
또, 지질학자들은 지진파가 코끼리 울음소리와 매우 유사하다고 주장하였다.
혹시 지구가 둥글다는 태양교 교리와 어긋난 이단적 연구를 하고 있지 않을까?",교리보다 현실이 중요하다. 열린 마음으로 교리 개정에 대해 논의하자.,경건함 40 이상,,"과학의 발전과 교리 변화에 대해 열띤 토론을 펼쳤다!

경건함 10 증가!
정치력 10 감소!","정치력 -10
경건함 +10",,,이단 과학이 판치지 못하도록 과학자들을 숙청하자!,,"회담장의 분위기가 후끈 달아올랐다!
몇몇 후보들은 현실을 직시하는 것이 중요하다면서,
이 결정에 동의하지 않는 듯하다.

정치력 10 증가!",정치력 +10,,,,,,,
21100,9,스토리,0.2P,8,"13, 14, 20, 21",8번 이벤트에서 선택지 1 선택,1,"신앙인가, 과학인가?","왕립학회에서 지구는 사실 네 마리의 코끼리가 받치고 있는 원반이며,
땅 끝에는 절벽이 있다는 사실을 공표하였다!
(후보 1)은(는) 이를 태양교에 대한 중대한 이단 행위로 보고, 학회 과학자들을 전부 파문할 것을 강력히 주장한다!
(후보 2)은(는) 태양은 우주 만물에 깃들어 있으므로, 우리가 믿음을 가진다면 지구가 평평하더라도 문제없다고 주장한다.",(후보 1)을(를) 지지한다.,,,"(후보 1)이(가) 당신에게 깊은 감사를 표했다!
그는 교단을 위협하는 어둠의 무리에 결연히 맞서 싸울 것을 당부한다.

정치력 10 증가!
(후보 1)의 정치력 10 증가!
공작에서 (후보 2)이(가) 받는 체력 피해 10 증가!","정치력 +10
후보 1 정치력 10
공작 사용 시, 후보 2가 받는 체력 피해가 있다면 +10",,,(후보 2)을(를) 지지한다.,,"(후보 2)이(가) 당신에게 깊은 감사를 표했다!
그는 빠르게 변하는 세상에서, 교단이 사람들을 이끄는 등불이 되기를 원한다.

정치력 10 증가!
후보 2 정치력 10 증가!
기도 시 체력 회복량 5 증가! ","정치력 +10
후보 2 정치력 +10
기도 시 체력 회복량 +5",,,,,"8번에서 선택지
2 -> 1로 변경.","기피조건입력x, 공작피해증폭구현x, 설명후보명출력구현x, 후보랜덤인지? 발생조건구현x","후보는 고정, 이름만 랜덤"
21101,10,스토리,INF,9,"13, 14, 20, 21",,1,충격! 암살 사건!,"회담장이 일순간 혼란에 휩싸였다!
오늘 (콘클라베 시간), 성스러운 썬ㅡ클라베 도중 (후보 2)이(가) 갑자기 피를 토하고 쓰러진 것이다!
소란이 가라앉고, 좌중은 (후보 1)을(를) 강하게 의심하고 있다!
과연 진실은 밝혀질 것인가?",확인,,후보 1의 정치력이 후보 2의 정치력보다 높다면 성공,"(후보 1)는 화려한 언변으로 좌중을 압도하였다!
누군가는 벌벌 떨리는 손으로, 또 누군가는 한껏 격앙된 얼굴로 말없이 그에게 표를 던졌다.
썬ㅡ클라베는 끝났다. 주사위는 던져졌다. (후보 1)의 취임 연설에는 조금의 망설임도 없었다.
이단은 척결되어야 한다!

썬ㅡ클라베 종료!","즉시 게임 종료
""성전"" 엔딩","진실은 금세 밝혀졌다. 암살의 배후에는 역시 (후보 1)(이)가 있었다.
(후보 1)는 즉시 파문되어 지하 감옥에 수감되었다.
그는 다시는 태양을 보지 못할 것이다.

(후보 1) 즉시 탈락!","후보 1, 후보 2 즉시 탈락",,,,,,,,,실행확률,"탈락구현x, 설명후보명출력구현x, 게임종료구현x",게임종료 구현은 엔딩 나오면
30000,11,스토리,40 + 0.1P,,,,1,새로운 전례,"쾅!
회담장의 고요한 정적을 깨고, 누군가 책상에 아주 두꺼운 서류 뭉치를 올려놓았다.
개혁주의자인 (후보 2)였다.
그는 전통적인 교리가 시대적 현실에 맞지 않다면서,
자신이 창안한 '태양의 전례'를 정식 미사 절차로 인정할 것을 요구하였다.
서류를 읽어 볼까?",번거롭더라도 서류를 읽어 본다!,경건함 30 이상,,"전통적인 미사에는 넓은 숲이 필요해서,
도시 지역의 사람들이 할 수 없다는 논지였다.
(후보 2)의 사려 깊은 생각이 느껴진다만,
내용이 지나치게 급진적이라 통과에 어려움을 겪을 것 같다.
모르겠다. 난 뭐가 됐든 은퇴하면 그만이니까!",,,,이런 좋은 베개가? 서류 더미를 베고 낮잠이나 잔다.,50%,"푹 잤더니 체력이 회복되었다!
태양만세 미사? 알 게 뭐람?

남은 회의 시간 20초 감소!
체력 30% 회복!","타이머 -20s
체력 +30","너무 푹 잤나? 자고 일어나 보니 회의가 전부 끝나 있었다!

이번 썬ㅡ클라베 즉시 종료!","진행 중인 콘클라베 종료
즉시 투표 및 판정 실시","빠르게 후보 두 명을 탈락시킬 수 있는 루트.
이후 리스크가 크게 늘어나지만,
레어 엔딩을 보려면 필수적으로 진입해야 함.",,,,
31000,12,스토리,20 + 0.1P,11,,,1,자연주의,"쾅!
한껏 달아오른 분위기 속, 누군가 책상을 주먹으로 치며 고함을 질렀다. (후보 3)였다.
원칙주의자인 그는, 태양의 에너지는 자연 속에서만 느낄 수 있다고 주장한다.
반면 (후보 2)는, 태양 에너지를 불러오는 '태양의 춤'을 춘다면 신학적으로 문제가 없다고 한다.
누구의 편을 들어 줄까?",(후보 3)을(를) 지지한다.,,,"몸장난으로 울창한 숲을 대체한다니, 당치도 않다!
당신의 조리 있는 연설로 (후보 3)은 유리한 입지를 얻었다.
한동안 (후보 2)는 매우 피곤할 것 같다.

(후보 3)의 정치력 +20
공작에서 (후보 2)이(가) 받는 체력 피해 15 증가!","후보 3 정치력 +20
공작 사용 시, 후보 2가 받는 체력 피해가 있다면 +15",,,(후보 2)을(를) 지지한다.,,"태양의 미사'는 도시의 신도들에게 매력적인 선택지가 될 것이다!
당신의 조리있는 연설로 (후보 2)은(는) 유리한 입지를 얻었다.
한동안 (후보 3)은(는) 매우 피곤할 것 같다.

(후보 2)의 정치력 +20
공작에서 (후보 3)이(가) 받는 체력 피해 15 증가!","후보 2 정치력 +20
공작 사용 시, 후보 3이 받는 체력 피해가 있다면 +20","지난 썬ㅡ클라베 때 너무 푹 잤나?
'태양의 미사'의 내용과 관련해서 큰 실수를 하고 말았다!
정치적 입지에 큰 손상이 있을 것 같다.
좀 쪽팔리긴 하지만, 오히려 좋아.

정치력 30 감소!
체력 20 감소!","정치력 -30
체력 -20",,,,"공작피해증폭구현x, 설명후보명출력구현x, 선택2실패확률구현x",
31100,13,스토리,20,12,"8, 9, 15, 16, 20, 21",후보 3 탈락,4,반란 모의,"알래스카로 잠적한 (후보 3)이(가) 북극곰들과 함께 반란을 모의하고 있다는 첩보가 들어왔다.
교단 내 최고 강경파인 (후보 1)와(과) (후보 2)이(가) 힘을 모아 성전을 주장하는 가운데,
많은 추기경들이 당신이 앞장서 분위기 과열을 막기를 원하고 있다!
교단의 운명이 당신의 손에 달렸다! 당신이 원하는 것은 무엇일까?",평화다!,경건함 60 이상,,"피 말리는 회의 끝에, 원대한 군사 작전은 은밀한 첩보 작전으로 축소되었다!
교단 특사를 보내 반란군과 협상을 하는 척하면서, 첩보원을 보내서 내부의 사기를 꺾는다.
이후 300명 정도의 특수부대만 보내면 아무리 많은 북극곰이라도 포위섬멸할 수 있을 것이다!
교단이 평화를 되찾았다! 당신은 평화의 사도로서 큰 존경을 받게 되었다! 좋은 건가?

경건함 40 증가!
정치력 15 증가!","경건함 +40
정치력 +15",,,"성전은 내 알 바 아니고, 안락한 노후다!",,"당신은 자신의 안위 앞에 눈을 감고야 말았다.
정적이였던 (후보 1)와(과) (후보 2)의 합동 공작을 막아설 추기경은 아무도 없었다.
치열한 정치 암투극 끝에, (후보 1)은(는) 결국 (후보 2)을(를) 암살하고 교주 자리에 올랐다.
성전이 선포되었다. 주사위는 던져졌다. 출병식을 앞둔 (후보 1)의 눈길에는 한 치의 망설임도 없었다!

남은 후보 즉시 탈락!
썬ㅡ클라베 종결!","게임 오버
""성전"" 엔딩",,,특수 엔딩 이벤트의 시작.,,,"선택2효과구현x, 기피조건구현x",
31101,14,스토리,10 + 0.05P,13,"8, 9, 15, 16, 20, 21",13번 이벤트에서 선택지 1 선택,1,북극곰의 반란,"북극곰들이 쳐들어온다!
알래스카로 잠적했던 (후보 3)이 비밀리에 육성했던 북극곰들이 앞발에 콜라를 들고 대신전 앞까지 밀려들어왔다!
교단의 특수부대가 전멸한 상황, 이제 북극곰 군단을 막을 수 있는 건 신성한 태양의 힘밖에 없다!
지금 내가 나서 해결하지 않으면 노후는 무슨, 지하감옥에서 평생을 썩어야 할 수도 있다!",태양의 힘을 보여 준다!,경건함 80 이상,,"당신은 숨을 크게 들이쉬고, 태양의 기운을 담아 내쉰다.
당신의 눈은 태양처럼 빛난다. 당신의 다리는 불처럼 강인하다.
입김이 닿는 곳마다 태양의 기운으로 충만하다.
북극곰들은 태양의 기운에 감화되어 당신에게 깨달음을 갈구한다.
태양의 축복 받은 자여, 기뻐하라.

승리!","게임 오버
""대현자"" 엔딩",,,도망간다. 곰은 사람을 찢어.,,"당신은 숨을 크게 들이쉬고, 발에 불이 나도록 굴러 도망간다.
교단은 (후보 3)와(과) 북극곰들이 세운, 알래스카 트로츠키주의 사회인민공화국이 접수한다.
만국의 인민이여, 단결하라. 북극곰 만세, 사회주의 만세, (후보 3) 만세.","게임 오버
""북극곰"" 엔딩",,,"북극곰 승리 엔딩을 보려면
1. 새로운 전례 이벤트에서 후보 3을 빠르게 탈락시키기
2. 반란 모의 이벤트 발생 시 경건함 60 이상 보유
3. 이후 북극곰의 반란이 일어날 때까지 경건함 80 이상으로 생존",,,"효과구현x, 발생조건구현x, 기피조건x",
31200,15,스토리,40,12,"8, 9, 13, 14, 20, 21","후보 2 탈락, 후보 1 생존",1,이단과 소문,"교단의 분위기가 심상치 않다!
대신전 앞마당에서, (후보 2)의 지지자들이 단체로 '태양의 춤'을 추며 기도 중이다.
썬ㅡ클라베 내부에서는 저들이 하는 행동이 이단인지에 대한 논의가 있다.
(후보 3)은 하루빨리 '이단적인 태양춤 시위'를 금지하기를 원한다. 동조할까?",태양만세 시위를 이단으로 지정하자!,,,"대신전에서는 대규모 시위 금지령을 내려 태양만세 기도를 자제하도록 유도한다.
(후보 3)의 은밀한 정치 공작에 의해, 태양만세 춤이 이단으로 지정될 것이라는 찌라시가 대신전 바깥으로 서서히 스며나온다.
광장의 열기가 다소 식어가는 건 기분 탓일까?",,,,기도의 방식은 개인의 자유다!,,"안타깝게도 (후보 3)의 의견에는 동조할 수 없다.
(후보 2)은(는) 선한 사람이고, 나는 (후보 2)을(를) 지지한다!

(후보 2), 체력/정치력/경건함 60으로 순위권 재진입","후보 2 체력/정치력/경건함 60으로 부활
이후 후보 2가 당선되면 '태양만세' 엔딩",,,,,,"효과구현x, 발생조건구현x, 기피조건x",
31210,16,스토리,40,15,"8, 9, 13,14, 20, 21",13번 이벤트에서 1번 선택지 선택,1,태양 만세!,"썬ㅡ클라베에서 '태양의 춤'이 이단으로 논의된다는 소문이 퍼지자,
대신전 광장 앞에 수많은 인파가 모여 ""태양 만세""를 외치며 집회 중이다.
시위 구호 때문에 회의가 제대로 진행되지 않을 정도다.
열띤 토의 끝에, 잠시 휴회를 하고 창문 밖의 신도들에게 사과와 해명을 하기로 했다.
누가 해야 할까?",명망높은 사제인 내가 직접 간다.,경건함 40 이상,,"백오십 년 만에 이례적으로 썬ㅡ클라베가 휴회 결정을 내렸다.
당신은 발코니의 문을 열고, 어렵게 입술을 뗀다.
죄송하다, 이단 논란 같은 것은 없다, 여러분의 의견을 존중한다, 태양의 축복을 빈다...
당신의 진심 어린 호소에 사람들은 감동의 눈물을 흘린다.
아까 돌멩이 맞은 데가 아파서 당신도 눈물을 찔끔 흘린다.

체력 20 감소!
정치력 20 증가!
(후보 3)의 정치력 30 감소!","체력 -20
정치력 +20
후보 3 정치력 -30",,,사건의 장본인인 (후보 3)을(를) 보낸다.,50%,"백오십 년 만에 이례적으로 썬ㅡ클라베가 휴회 결정을 내렸다.
(후보 3)은(는) 발코니의 문을 열고, 갑자기 주먹을 들어올린다! 사람들이 돌멩이를 던진다.
당신들은 이단이다...라는 말이 나오기 직전에, 주변의 추기경들이 (후보 3)을(를) 창문에서 멀리하고 군중을 설득한다.
사람들은 마지못해 흩어진다.

(후보 3)의 정치력 50 감소!
모든 후보의 체력 20 감소!","후보 3 정치력 -50
체력 -20
후보 1, 2, 3 체력 -20","백오십년 만에 이례적으로 썬ㅡ클라베가 휴회 결정을 내렸다.
(후보 3)은(는) 발코니의 문을 열고, 갑자기 주먹을 들어올린다! 몇몇 사람들이 돌을 던진다.
(후보 3)이(가) 돌을 맞고 쓰러진다! 군중들이 편을 나눠 싸우기 시작한다.
교단 근위대가 성난 군중을 해산시켰지만, 회의 분위기가 심상치 않다!
결국 (후보 2)은(는), 종교 개혁을 선언하며 회의장을 박차고 나가버리고 말았다.

(후보 2) 탈락!
(후보 3)의 체력 40 감소, 정치력 50 증가!","후보 2 탈락
후보 3 체력 -40
후보 3 정치력 +50",,,,"탈락구현x, 발생조건구현x, 설명후보명출력구현x, 기피조건구현x",
31211,17,스토리,40,16,"8,9,13,14,15, 20, 21","후보 1 생존,
16번 이벤트에서 선택지 2 실패",1,신교와 성전,"이단이다!
회의장을 박차고 나가버린 (후보 2)은(는), 종교개혁을 선포하며 교단과의 절연을 발표했다.
(후보 1)은(는) 신속하게 썬ㅡ클라베를 끝내고 성전을 준비하자고 건의한다.
유력한 후보인 당신의 지지 선언이면, (후보 1)을(를) 당선시키는 것은 시간 문제일 것이다.
한동안 세계는 전쟁의 마수에 휩싸일 것이지만, 은퇴만 할 수 있다면 아무렴 어떤가?
세계의 운명이 당신의 손에 달렸다!",(후보 1)을(를) 지지한다!,,,"(후보 1)을 막을 수 있는 사람은 아무도 없었고,
썬ㅡ클라베는 광기에 휩쓸려 빠르게 마무리되었다.
교단은 이단을 척결하기로 굳게 결의하였다.
성전이다, 우매한 이단들아!!

남은 후보 즉시 탈락!
썬ㅡ클라베 종결!","게임 오버
""성전"" 엔딩",,,(후보 1)을(를) 막아선다!,,,,,,,,,"엔딩구현x, 설명후보명출력구현x, 발생조건구현x, 기피조건구현x",
31212,18,스토리,10,,"19, 20, 21",,3,디아나의 보물,"교단 직속 탐험가인 디아나 존스가 고대 유적지 도굴... 아니 탐험을 마치고 돌아왔다!
수십 마리의 코끼리와 기린들, 금은보화로 가득찬 수레들...
그 중에서도 가장 빛나는 것은 고대 태양교 경전이 적힌 커다란 황금 판이다.
황금 경판을 읽어 볼까?",황금 경판을 낭독한다!,경건함 30 이상,2%,"당신은 숨을 크게 들이쉬고, 태양의 기운이 담긴 판을 낭독한다.
경전의 오묘한 신비에 취해 당신은 무아지경에 빠진다. 당신의 몸에 태양의 힘이 깃든다.
당신의 목소리는 낮고 평안하면서도, 대신전 전체에 우레처럼 울러퍼진다.
이윽고 하늘에서 밝은 빛줄기가 내려온다. 당신의 영혼이 대지를 떠나 태양을 향해 떠오른다.

승리!","게임 오버
""승천"" 엔딩","당신은 태양의 기운이 담긴 황금 경판을 집어든다.
당연한 소리지만, 고대의 사제들만이 사용하던 비밀스러운 상형 문자로 적혀 있다.
읽을 수는 없을 것 같다.

아이템 '황금 경판' 획득!", 황금 경판 획득,주변의 보물 중 챙길 게 있는지 확인해 본다!,,"오... 좋은 아이템을 찾았다!

(아이템 이름) 획득!",랜덤 일반 아이템 획득,,,,,,"엔딩구현x, 기피 x",
31213,19,스토리,40,18,,,1,비밀 문자 해독,"고고학자들이 디아나가 가져온 황금 경판을 해독한 결과를 제출하였다.
태초에 말씀이 계셨다...어라? 우리가 알고 있는 경전과 다른 부분이 꽤 많다!
특히 몇몇 부분은 교리에 어긋나는 내용들이 존재한다.
(후보 3)은(는) 유물은 태양의 계시이므로, 내용을 공표하고 교리를 바꿔야 할 것이라고 주장한다.
한편 (후보 1)은(는) 교리의 정통성과 신학적 우월함을 주장하며, 경전의 내용을 비밀에 부칠 것을 주장한다.
누구의 편을 들어야 할까?",(후보 1)을(를) 지지한다!,,,"숭고하고 합리적인 행동을 통해 지고의 구원을 찾을 수 있다는 태양교의 교리를 견지하며, 당신은 경전에 대한 교리의 우월성을 좌중에게 환기하였다.
다른 말로는, 귀찮으니 그냥 믿던 거 믿자는 뜻이다.

정치력 10 증가!
(후보 1)의 정치력 30 증가!","정치력 +10
후보 1 정치력 +30",,,(후보 3)을(를) 지지한다!,,"계시를 믿고 따르는 것이 지극히 마땅한 일이다!
황금 경전의 내용을 공표하고 교리를 다시 연구하자!
...이제 (후보 3)한테 묻어가면 쟤가 당선되는 거지?

경건함 20 증가!
(후보 3)의 정치력 30 증가!","경건함 +20
후보 3 정치력 +30",,,,,,설명후보명출력x,
32000,20,스토리,40,19,,19번 이벤트에서 선택지 2 선택,1,폭탄 테러!,"대신전 앞 광장에서 이교도의 모자를 쓴 한 젊은이가 고함을 지르고 있다.
'새로운 경전에 따라 태양은 달의 하수인임을 인정하라!'
그의 조끼에는... 폭탄이 둘러져 있다!",이교도와의 대화를 시도한다!,,90%,"당신은 빠르게 회의장의 분위기를 진정시키고, 이교도를 설득해 돌려보낼 방법을 물색한다.
평화주의자인 (후보 2)이(가) 나와서, 평화를 설파하며 이교도를 축복하고 포옹하는데...
푹, 하는 소리와 함께 (후보 2)의 로브에 피가 흥건해진다.
그러나 그는 일말의 증오도 드러내지 않고, 인자한 웃음으로 용서와 평화의 메세지를 전했다!
결국 이교도는 눈물을 흘리며 조끼를 벗는다.

썬ㅡ클라베 중단!
(후보 2)의 경건함 80 증가!
(후보 2) 쓰러짐!","해당 콘클라베 즉시 종료
후보 2 경건함 +80
후보 2 체력 -100
(원래 기획대로, 체력이 처음으로 0이라면 내일 부활,
두 번째라면 탈락 처리)","당신은 빠르게 회의장의 분위기를 진정시키고, 이교도를 설득해 돌려보낼 방법을 물색한다.
평화주의자인 (후보 2)이(가) 나와서, 평화를 설파하며 이교도와 악수를 하려고 하자...
펑! 귀청이 떨어져 나갈 것 같은 무시무시한 폭음과 함께 폭탄 조끼가 터지고 말았다.
회의장이 혼비백산에 빠진다.

썬ㅡ클라베 중단!
(후보 2) 사망!
모든 후보의 체력 20 감소!
모든 후보의 정치력 30 감소!","해당 콘클라베 즉시 종료
후보 2 탈락 처리
플레이어와 후보 1, 2, 3 체력 -20
플레이어와 후보 1, 2, 3 정치력 -30",저격수를 배치해 이교도를 사살한다!,,"교단 근위대에 연락하여 은밀히 저격수를 배치하였다.
근위대와의 긴 대치 끝에 이교도가 폭탄 조끼를 만지려 하자,
버튼을 누르기도 전에 총알이 그의 머리를 꿰뚫었다.
혼란에 빠진 군중을 근위대가 빠르게 해산시켰다.

썬ㅡ클라베 중단!
모든 후보 경건함 40 감소!","플레이어와 후보 1, 2, 3 경건함 -40",,,,,,"발생조건구현x, 후보탈락처리x",
32001,21,스토리,INF,20,22,20번 이벤트에서 1번 선택지 실패,1,이교도와 성전,"대신전 폭탄 테러 사건을 수습하고 다시 열린 썬ㅡ클라베.
(후보 1)은(는) 당장 회의를 중단하고 성전을 일으킬 것을 종용한다.
신중파인 (후보 3)은(는) 외교적 방법을 제안하며 필사적으로 성전을 막고 있다.
교단의 운명이 당신의 손에 달렸다! (후보 3)을(를) 도와 성전을 막을 것인가?",성전만큼은 막아야 한다!,경건함 50 이상,,"끈질긴 설득 끝에, 원대한 군사 작전은 경제 재제와 외교적 항의로 축소되었다!
교단이 평화를 되찾았다! 당신은 평화의 사도로서 큰 존경을 받게 되었다! 좋은 건가?

경건함 20 증가!
정치력 15 증가!",,,,(후보 1) 교주 시키고 나는 은퇴나 할란다!,,"(후보 1)는 화려한 언변으로 좌중을 압도하였다!
누군가는 벌벌 떨리는 손으로, 또 누군가는 한껏 격앙된 얼굴로 말없이 그에게 표를 던졌다.
썬ㅡ클라베는 끝났다. 주사위는 던져졌다. (후보 1)의 취임 연설에는 조금의 망설임도 없었다.
이단은 척결되어야 한다!

썬ㅡ클라베 종료!","게임 종료
""성전"" 엔딩",,,,,,"발생조건x, 엔딩처리x",
32002,22,스토리,INF,20,21,,1,이교도와 성전,"대신전 폭탄 테러 미수 사건으로 썬ㅡ클라베는 큰 혼란에 휩싸였다.
이교도들의 교주는, 해당 폭탄테러는 교단과 관계없다며 빠르게 사과의 사절을 보내 왔다.
강경파인 (후보 1)은(는) 이백 년 동안의 평화를 끝내고 성전을 일으킬 것을 건의하는 반면,
신중파인 (후보 3)은(는) 교주와의 회담에 응하고 외교에서 유리한 위치를 점할 것을 주장한다.
누구를 견제할지는 당신의 손에 달렸다!

퀘스트 : 지지하지 않는 후보를 탈락시킨 후 지지하는 후보를 당선시키세요.
성공 시 다른 엔딩을 볼 수 있습니다.",(후보 1)을(를) 지지한다.,,,"당신은 (후보 1)의 지지자를 자처하며, 성전을 일으킬 것을 천명하였다.
태양의 앞길을 막은 자들은 모두 태양에 의해 불살라질 것이다!

경건함 10 감소!
연설 시마다 (후보 1)의 정치력 5 증가!

퀘스트 : (후보 3)을(를) 탈락시킨 후 (후보 1)을(를) 당선시키세요.
성공 시 다른 엔딩을 볼 수 있습니다.","경건함 10 감소
연설 시 후보 1 정치력 5 증가
후보 3이 탈락한 상태에서 후보 1 당선 시 ""성전"" 엔딩",,,(후보 3)을(를) 지지한다!,,"태양은 모두를 굽어살피는 평화의 상징이다. 낡은 시대의 과오를 반복할 수는 없다.
당신은 (후보 3)의 지지자를 자처하며, 성전을 막을 것을 선언하였다.

정치력 10 증가!
연설 시마다 (후보 3)의 정치력 5 증가!

퀘스트 : (후보 1)을(를) 탈락시킨 후 (후보 3)을(를) 당선시키세요.
성공 시 다른 엔딩을 볼 수 있습니다.","정치력 10 증가
연설 시 후보 3 정치력 5 증가
후보 1이 탈락한 상태에서 후보 3 당선 시 ""외교 승리"" 엔딩",,,,,,"연설지속효과x, 엔딩x 효과문구 재검토필요",
40000,23,일반,20,,,,,산책,"새들은 지저귀고, 꽃들은 피어나고... 산책 나가기 딱 좋은 날이다.
그런데 잠깐! 개울을 넘기 위해 징검다리로 가니 한 남자가 화들짝 놀라며 급하게 자리를 떴다!
쭈그려 앉아 무언가를 하던데... 과연 건너는게 맞을까?","흠... 아무리 봐도 수상하다.
주위를  살피며 조심히 돌아서 가자.",경건함 50 이상,100%,"오늘도 무사히 산책을 마쳤다.
이 또한 태양신의 은혜겠지요.

체력 15 증가!
경건함 5 증가!","체력 + 15
경건함 + 5",-,-,"돌다리는 나약한 자나 두들겨 보는 것이다.
그냥 가자.",100%,"미끄덩... 첨벙!
이런, 원치 않은 반신욕 덕에 몸이 무거워졌다.

체력 10 감소!
이번 썬ㅡ클라베 종료까지 이동 속도 15% 감소!","체력 - 10
콘클라베 종료까지 이동 속도 - 15%",,,,,,,
50000,24,공작,20,,,,3,열렬한 찬양,"(후보 n)이(가) 오늘부로 당신을 향한 지지를 철회했다.
애초에 지지를 하긴 했었냐는 나쁜 말을 한 추기경은 곧 사라졌다. 실로 기적이었다.
아무튼 (후보 n)은(는) 당신과의 지지 관계에서 벗어나 한 몸으로 일체가 되길 원한다!",이게 대체 무슨 일이람!,-,100%,"""세상에 70억명의 팬이 있다면....""
영문 모를 소리에 멍해진 당신은 어느새 (후보 n)와(과) 악수를 하고 있었다.
추기경들의 박수 소리가 들린다. 당신의 명망이 더욱 높아졌다!

경건함 30 증가!",경건함 +30,,,,,,,,,,,,,
50100,25,공작,20,,,,3,커피 회동,"(후보 n)이(가) 커피를 대접해준다하자, 당신은 기쁜 마음으로 이를 받아들였다.
기쁜 마음은 오래 가지 못했다. (후보 n)이(가) 넘어지며 주인 잃은 커피가 당신을 덮쳐 왔기 때문이다!
비상하는 커피 사이로 스치듯 올라가는 입꼬리를 보았지만..., 지금은 먼저 피할 때다. ",피하자!,-,50%,"저런, 커피에 온 신경을 집중한 나머지 옆에 기둥이 있는 지도 몰랐다.
꽝! 잠시 정신이 아득해졌다.

5초간 행동 불가!",행동 불가 5초,"앗, 뜨거! 결국 피하지 못하고 커피를 뒤집어썼다.

체력 25 감소!",체력 - 25,,,,,,,,,,성공률처리x,기둥 로직 삭제.
40100,26,일반,20,,,,,소똥구리 토론,"추기경들이 옹기종기 앉아 소똥구리 한마리를 관찰하고 있다.
""그러고 보니, 이 벌레가 똥을 굴리는 모양새가 태양의 운행과 퍽 닮지 않았소이까?""
추기경들은 돌아가며 자신의 의견을 말했고, 이제 당신의 차례다!",신님이 당신의 모습을 본 떠 인간을 빚었듯 태양의 불변함을 이 미물에 담은 것이다.,경건함 40 이상,100%,"당신이 주장은 투구를 쓴 모 추기경에게 큰 지지를 받았다. 
""요 신성한 벌레의 이름을 태양충으로 바꿉시다! 태양 만세!""

체력 10 증가!
정치력 10 증가!","체력 + 10
정치력 + 10",,,으디서 그런 수천 년 전 이교도가 할 법한 소리를!,100%,"이교! 척결!
오늘도 당신의 손으로 '신앙의 순수함'을 지켜냈다.

경건함 30 증가!",경건함 + 30,,,,,,,
50200,27,공작,0.2P,,,,3,목 좀 축이세요,"(후보 n)를 지지하는 추기경이 나에게 주스 한 잔을 권한다. 마침 목이 너무 말랐는데!
싱그러운 과일 향이 나는 진짜 과일 주스다! 게임 개발자의 양심을 걸고 독약 같은 건 절대 아니다.",주스를 마신다.,-,남은 시간이 40초 이하면 성공,"푸룬 주스였다! 당신은 뱃속이 심상치 않음을 느낀다.
남은 일을 최대한 해치우고 화장실에 가기 위한 투지가 불타오른다!

체력 20 감소!
이동 속도 2배 증가!","체력 -20
이동 속도 +100%","푸룬 주스였다! 당신은 뱃속이 심상치 않음을 느끼고 화장실로 직행한다.
아무튼 거짓말은 하지 않았다.

이번 썬ㅡ클라베 즉시 종료!
체력 10 증가!","체력 + 10
콘클라베 즉시 종료, 교주 판정으로 직행",,,,,,,,,,,
40200,28,일반,20,,,,,고장난 문,"여느 때와 같이 복도를 거닐던 당신, 발을 동동 구르는 한 수행원과 마주쳤다.
보아하니 여기 문이 고장 난 거 같은데... 힘 좀 보태 줄까?",젖 먹던 힘을 다해 당기자!,체력 60 이상,100%,"역시 몸이 좋으면 머리가 고생을 안 한다.

체력 5 증가!
정치력 15 감소!","체력 + 5
정치력 - 15",,,"힘이 부족하다.
다른 수단을 찾아봐야 할 듯 한데....",50%,"문이 열렸다. 씨름한 보람이 있네!

정치력 5 감소!",정치력 - 5,"꿈쩍도 안 하네. 괜히 시간만 버렸다.

6초간 행동 불가!",행동 불가 6초,,,,,
50300,29,공작,10+0.1P,,,,3,심도 있는 논의,"토론이 한창 진행되던 중, (후보 n)에게서 곤란한 질문이 날아왔다.
""과거 장기자랑에서 문워크를 추셨는데, 이거 뭡니까? 혹시 달 추종자세요?""",아니요. 그런 게 아니라....,-,100%,"궁지에 몰린 당신! 그때 당신을 위해 몇몇 추기경이 나섰다!
그야말로 '신들린' 세이브였다!

정치력 15 증가",정치력 +15,,,,,,,,,,,,,
40300,30,일반,20,,,,3,까마귀 소동,"(후보 n)이 선물을 보내왔다. 안에 든 것은 반짝이는 목걸이였다.
그런데 그 때...! 왠 미친 까마귀 떼가 당신을 향해 날아오는 것을 발견했다!",훠이 훠이! 물렀거라!,-,65%,"까악 까악! 까마귀들은 한바탕 난동을 피운 뒤 저 멀리 날아갔다.
가방 안이 영 허전해 보이는데....

수중에 있는 모든 아이템 소멸!",모든 아이템 소멸,"까악! 당신은 까마귀들을 쥐어박고 내쫓았다. 방금이 마지막 놈이었다.
하얗게 불태웠어....

체력 30 감소!",체력 - 30,,,,,,,,,,,
50400,31,공작,20,,,,3,삼위일체,"(후보 n)과(와)의 딱밤 내기에서 패배했다. 손 푸는 꼴을 보아하니 어지간히도 벼르고 있었나 보다....
""부자는 망해도 3 대를 버틴다는데, 어디 후보님은 몇 대까지 버티시나 볼까요?""",악! 악! 악!,-,100%,"푸쉬이이.... 이마에 삼위일체가 시뻘겋게 수놓였다.
태양의 신실한 종 다운 트리플 혹이었다.

체력 33 감소!
정치력 3 증가!
경건함 3 증가!","체력 - 33
정치력 + 3
경건함 + 3",,,,,,,,,,,,,
40400,32,일반,20,,,,,호우주의보,"추적추적.... 창밖을 보니 비가 내리고 있다.
빗소리가 은은하게 울려 퍼지는 대신전은 어느 때보다 고요했다.",눈을 감고 빗소리를 듣자.,-,100%,"몸과 마음이 치유되는 느낌이다.

모든 후보의 체력 20 증가!
이번 썬ㅡ클라베 종료까지 이동 속도 10% 증가!","모든 후보의 체력 + 20
콘클라베 종료까지 이동 속도 + 10%",,,,,,,,,,,,,
40500,33,일반,20,,,,,주화입마,"아침부터 어떤 생각이 당신을 괴롭히고, 또 시시각각 마음을 조여오고 있다.
'...집에 가스 불 끄고 왔었나?'
이 불안감을 해소하기 전까진 아무것도 할 수 없을 것 같다!",집으로 수행원을 보낸다.,정치력 40 이상,80%,"진짜 불이 켜져 있었다!
휴, 하마터면 집 통째로 태양께 봉헌할 뻔했네.

정치력 15 감소!
경건함 10 감소!","정치력 - 15
경건함 - 10","걱정은 기우였다.
무안해진 당신은 다음에 수행원에게 밥 한 끼 사주리라 다짐했다!

아무 일도 일어나지 않았다.",-,"뭐 손 쓸 수단이 없다.
이 일을 마치고 빨리 가보는 수밖에.",80%,"와장창!
집중력이 흐트러진 나머지 실수를 해버렸다!

이번 썬ㅡ클라베에서 기도/연설 시간 대폭 증가!",기도/연설 이후 남은 시간 5초 추가 감소,"어지러웠지만 신심으로 마음을 가라앉혔다.
당신의 정신력은 많은 추기경들의 귀감이 되었다!

정치력 5 증가!",정치력 + 5,,,,시간관련구현필요,
40600,34,일반,20,,,,,운수 좋은 날,"늦은 오후, 봉사를 마치고 돌아오는 길.
저 멀리서 해가 지고 있다.",너무 피곤하다.... 잠시 쉬다 가자.,체력 25 이하 ,100%,"네잎 클로버를 발견했다. 인생지사 새옹지마라 했던가.
무엇이든 해낼 수 있을 것 같은 기분이 든다!

체력 40 증가!
다음 기도/연설 시 무조건 성공!","체력 + 40
다음 기도/연설 시 무조건 성공",,,자리를 뜬다.,100%,"대신전에 도착했다!

아무 일도 일어나지 않았다.",-,,,,,,성공처리 구현x,
40700,35,일반,20,,,,,묵주닦이,"진흙같은 어두운 밤, 당신의 귓가에서 괴이한 소리가 울린다.
아늑하고 달콤한 소리지만 당신은 그것의 출처가 악마임을 어렴풋이 느낀다.
악마의 꼬드김에 넘어간 사람들의 결말은 뻔하다. 저항하자!",아니다 이 악마야!,경건함 60 이상,100%,"나의 능력을 조심하라, 솔라 랜턴 빛!
머리에서 나온 찬란한 광휘에 악마는 저항도 못하고 스러졌다.

체력 100 증가!",체력 + 100,,,"흠, 듣고 보니 맞는 말이군. 반박할 수가 없다.",100%,"역사는 반복되고 사람은 끊임없이 멍청한 짓을 한다.

체력 20 감소!
이번 썬ㅡ클라베 동안 이동 속도 30% 감소!","체력 - 20
콘클라베 종료까지 이동 속도 - 30%",,,,,,,
50500,36,공작,20,,,,,이 불경한 자가,"(후보 n)이(가) 당신의 경전 해석 방식에 심대하고도 지대하며 말로 이루 표현할 수 없는 심각한 문제가 있음을 지적했다.
그게 무슨 강아지 풀 뜯어먹는 소리냐고 대꾸하기도 전에....",깡!,-,100%,"불과 5분만에 이단 신문의 모든 과정이 전개됐다.
혀를 내두를만한 진행 속도다. 그 대상이 당신만 아니었다면 말이다!

체력 40 감소!",체력 - 40,,,,,,,,,,,,,
50600,37,공작,0.1P,,,,,결코 다시 전쟁!,"연단에서 누군가가 오늘도! 또! 어김없이!
전쟁을 들먹이며 과격한 정치구호를 외치고 있다!
이번에는 또 어떤 이단하고 싸우자는 걸까?

뭐? 나라고?
도저히 참을 수 없다!",성전이다!,-,100%,"너 죽고 나 죽자!
내가 오늘 성전의 맛을 똑똑히 보여주겠다.

모든 후보의 정치력 40 증가!
이번 썬ㅡ클라베 동안 체력이 0으로 떨어지지 않음!","모든 후보의 정치력 +40
이번 콘클라베 동안 최소 체력 1 유지",,,우매한 이단들아!,,"어디다 대고 신성한 대신전에서 삿대질이야!
아예 뼈다귀도 못 추리게 해 주마.

이번 썬ㅡ클라베 동안 공작이 경건함을 소모하지 않음!
이번 썬ㅡ클라베 동안 체력이 0으로 떨어지지 않음!","이번 콘클라베 동안 공작 경건함 소모량 0으로 고정
이번 콘클라베 동안 최소 체력 1 유지",,,,,,소모량고정구현x,